SET SQL_MODE = "NO_AUTO_VALUE_ON_ZERO";
SET time_zone = "+00:00";
SET FOREIGN_KEY_CHECKS = 0;
START TRANSACTION;

DROP TABLE IF EXISTS `coin_transactions`;
DROP TABLE IF EXISTS `reward_coins`;
DROP TABLE IF EXISTS `pincodes`;
DROP TABLE IF EXISTS `video_popups`;
DROP TABLE IF EXISTS `contact_inquiries`;
DROP TABLE IF EXISTS `promo_code_usage`;
DROP TABLE IF EXISTS `promo_codes`;
DROP TABLE IF EXISTS `order_items`;
DROP TABLE IF EXISTS `orders`;
DROP TABLE IF EXISTS `admins`;
DROP TABLE IF EXISTS `users`;
DROP TABLE IF EXISTS `product_images`;
DROP TABLE IF EXISTS `product_media`;
DROP TABLE IF EXISTS `reviews`;
DROP TABLE IF EXISTS `reels`;
DROP TABLE IF EXISTS `stories`;
DROP TABLE IF EXISTS `hero_slides`;
DROP TABLE IF EXISTS `products`;
DROP TABLE IF EXISTS `categories`;
DROP TABLE IF EXISTS `settings`;

CREATE TABLE `categories` (`id` int NOT NULL AUTO_INCREMENT, `name` varchar(255) NOT NULL, `slug` varchar(255) NOT NULL, `description` text, `image` varchar(255) DEFAULT NULL, `video` varchar(255) DEFAULT NULL, `icon_class` varchar(100) DEFAULT 'fa-leaf', `icon_upload` varchar(255) DEFAULT NULL, `sort_order` int DEFAULT 0, `is_active` tinyint(1) DEFAULT 1, `show_on_mobile_top_slider` tinyint(1) DEFAULT 1, `show_on_mobile_concern` tinyint(1) DEFAULT 1, `show_on_desktop_concern` tinyint(1) DEFAULT 1, `show_in_top_menu` tinyint(1) DEFAULT 1, `created_at` timestamp DEFAULT CURRENT_TIMESTAMP, `updated_at` timestamp DEFAULT CURRENT_TIMESTAMP ON UPDATE CURRENT_TIMESTAMP, PRIMARY KEY (`id`), UNIQUE KEY `slug` (`slug`)) ENGINE=InnoDB DEFAULT CHARSET=utf8mb4 COLLATE=utf8mb4_unicode_ci;

CREATE TABLE `products` (`id` int NOT NULL AUTO_INCREMENT, `category_id` int DEFAULT NULL, `name` varchar(255) NOT NULL, `slug` varchar(255) NOT NULL, `sku` varchar(100) DEFAULT NULL, `price` decimal(10,2) NOT NULL, `mrp` decimal(10,2) DEFAULT NULL, `offer_price` decimal(10,2) DEFAULT 0.00, `offer_label` varchar(100) DEFAULT NULL, `short_description` text, `long_description` text, `benefits` text, `usage_instructions` text, `testing_info` text, `image` varchar(255) DEFAULT NULL, `video` varchar(255) DEFAULT NULL, `stock_qty` int DEFAULT 100, `stock_status` varchar(50) DEFAULT 'in_stock', `rating` decimal(3,2) DEFAULT 4.80, `reviews_count` int DEFAULT 0, `reward_coins` int DEFAULT 0, `is_featured` tinyint(1) DEFAULT 1, `is_active` tinyint(1) DEFAULT 1, `weight_kg` decimal(6,2) DEFAULT 0.50, `length_cm` decimal(6,2) DEFAULT 15.00, `width_cm` decimal(6,2) DEFAULT 10.00, `height_cm` decimal(6,2) DEFAULT 8.00, `created_at` timestamp DEFAULT CURRENT_TIMESTAMP, `updated_at` timestamp DEFAULT CURRENT_TIMESTAMP ON UPDATE CURRENT_TIMESTAMP, PRIMARY KEY (`id`), UNIQUE KEY `slug` (`slug`), KEY `category_id` (`category_id`)) ENGINE=InnoDB DEFAULT CHARSET=utf8mb4 COLLATE=utf8mb4_unicode_ci;

CREATE TABLE `hero_slides` (`id` int NOT NULL AUTO_INCREMENT, `badge` varchar(100) DEFAULT NULL, `title` varchar(255) DEFAULT NULL, `subtitle` text, `price` decimal(10,2) DEFAULT NULL, `discount` varchar(50) DEFAULT NULL, `image` varchar(255) DEFAULT NULL, `media_type` varchar(50) DEFAULT 'image', `media_url` varchar(255) DEFAULT NULL, `video_url` varchar(255) DEFAULT NULL, `button_text` varchar(100) DEFAULT 'SHOP NOW', `button_link` varchar(255) DEFAULT 'products.php', `display_order` int DEFAULT 0, `is_active` tinyint(1) DEFAULT 1, `created_at` timestamp DEFAULT CURRENT_TIMESTAMP, `updated_at` timestamp DEFAULT CURRENT_TIMESTAMP ON UPDATE CURRENT_TIMESTAMP, PRIMARY KEY (`id`)) ENGINE=InnoDB DEFAULT CHARSET=utf8mb4 COLLATE=utf8mb4_unicode_ci;

CREATE TABLE `product_media` (`id` int NOT NULL AUTO_INCREMENT, `product_id` int NOT NULL, `media_type` varchar(50) DEFAULT 'image', `media_url` varchar(255) NOT NULL, `sort_order` int DEFAULT 0, `created_at` timestamp DEFAULT CURRENT_TIMESTAMP, PRIMARY KEY (`id`), KEY `product_id` (`product_id`)) ENGINE=InnoDB DEFAULT CHARSET=utf8mb4 COLLATE=utf8mb4_unicode_ci;

CREATE TABLE `product_images` (`id` int NOT NULL AUTO_INCREMENT, `product_id` int NOT NULL, `image_path` varchar(255) NOT NULL, `is_primary` tinyint(1) DEFAULT 0, `display_order` int DEFAULT 0, `created_at` timestamp DEFAULT CURRENT_TIMESTAMP, PRIMARY KEY (`id`), KEY `product_id` (`product_id`)) ENGINE=InnoDB DEFAULT CHARSET=utf8mb4 COLLATE=utf8mb4_unicode_ci;

CREATE TABLE `reviews` (`id` int NOT NULL AUTO_INCREMENT, `product_id` int DEFAULT NULL, `user_name` varchar(255) DEFAULT NULL, `rating` int DEFAULT 5, `review_text` text, `created_at` timestamp DEFAULT CURRENT_TIMESTAMP, PRIMARY KEY (`id`), KEY `product_id` (`product_id`)) ENGINE=InnoDB DEFAULT CHARSET=utf8mb4 COLLATE=utf8mb4_unicode_ci;

CREATE TABLE `stories` (`id` int NOT NULL AUTO_INCREMENT, `name` varchar(255) DEFAULT NULL, `story_text` text, `rating` int DEFAULT 5, `image_path` varchar(255) DEFAULT NULL, `created_at` timestamp DEFAULT CURRENT_TIMESTAMP, PRIMARY KEY (`id`)) ENGINE=InnoDB DEFAULT CHARSET=utf8mb4 COLLATE=utf8mb4_unicode_ci;

CREATE TABLE `reels` (`id` int NOT NULL AUTO_INCREMENT, `product_id` int DEFAULT NULL, `video` varchar(255) DEFAULT NULL, `views` int DEFAULT 0, `is_active` tinyint(1) DEFAULT 0, `created_at` timestamp DEFAULT CURRENT_TIMESTAMP, PRIMARY KEY (`id`), KEY `product_id` (`product_id`)) ENGINE=InnoDB DEFAULT CHARSET=utf8mb4 COLLATE=utf8mb4_unicode_ci;

CREATE TABLE `settings` (`id` int NOT NULL AUTO_INCREMENT, `key` varchar(100) NOT NULL, `value` text, `description` varchar(255) DEFAULT NULL, PRIMARY KEY (`id`), UNIQUE KEY `key` (`key`)) ENGINE=InnoDB DEFAULT CHARSET=utf8mb4 COLLATE=utf8mb4_unicode_ci;

CREATE TABLE `users` (`id` int NOT NULL AUTO_INCREMENT, `name` varchar(255) DEFAULT NULL, `email` varchar(255) DEFAULT NULL, `phone` varchar(20) DEFAULT NULL, `password` varchar(255) DEFAULT NULL, `password_hash` varchar(255) DEFAULT NULL, `reward_coins` int DEFAULT 0, `address` text DEFAULT NULL, `city` varchar(100) DEFAULT NULL, `state` varchar(100) DEFAULT NULL, `pincode` varchar(20) DEFAULT NULL, `is_active` tinyint(1) DEFAULT 1, `created_at` timestamp DEFAULT CURRENT_TIMESTAMP, `updated_at` timestamp DEFAULT CURRENT_TIMESTAMP ON UPDATE CURRENT_TIMESTAMP, PRIMARY KEY (`id`), UNIQUE KEY `email` (`email`)) ENGINE=InnoDB DEFAULT CHARSET=utf8mb4 COLLATE=utf8mb4_unicode_ci;

CREATE TABLE `admins` (`id` int NOT NULL AUTO_INCREMENT, `username` varchar(100) NOT NULL, `password_hash` varchar(255) NOT NULL, `email` varchar(255) DEFAULT NULL, `is_active` tinyint(1) DEFAULT 1, `created_at` timestamp DEFAULT CURRENT_TIMESTAMP, PRIMARY KEY (`id`), UNIQUE KEY `username` (`username`)) ENGINE=InnoDB DEFAULT CHARSET=utf8mb4 COLLATE=utf8mb4_unicode_ci;

CREATE TABLE `orders` (`id` int NOT NULL AUTO_INCREMENT, `order_number` varchar(100) DEFAULT NULL, `user_id` int DEFAULT NULL, `customer_name` varchar(255) DEFAULT NULL, `customer_email` varchar(255) DEFAULT NULL, `customer_phone` varchar(20) DEFAULT NULL, `shipping_address` text DEFAULT NULL, `city` varchar(100) DEFAULT NULL, `state` varchar(100) DEFAULT NULL, `pincode` varchar(20) DEFAULT NULL, `subtotal` decimal(10,2) DEFAULT 0.00, `shipping_fee` decimal(10,2) DEFAULT 0.00, `discount_amount` decimal(10,2) DEFAULT 0.00, `total_amount` decimal(10,2) DEFAULT 0.00, `payment_method` varchar(50) DEFAULT NULL, `payment_status` varchar(50) DEFAULT 'pending', `order_status` varchar(50) DEFAULT 'pending', `promo_code` varchar(50) DEFAULT NULL, `notes` text DEFAULT NULL, `payment_id` varchar(255) DEFAULT NULL, `bank_ref` varchar(255) DEFAULT NULL, `payment_response` text DEFAULT NULL, `transaction_id` varchar(255) DEFAULT NULL, `shiprocket_order_id` varchar(100) DEFAULT NULL, `shiprocket_shipment_id` varchar(100) DEFAULT NULL, `awb_code` varchar(100) DEFAULT NULL, `created_at` timestamp DEFAULT CURRENT_TIMESTAMP, `updated_at` timestamp DEFAULT CURRENT_TIMESTAMP ON UPDATE CURRENT_TIMESTAMP, PRIMARY KEY (`id`), KEY `order_number` (`order_number`), KEY `user_id` (`user_id`)) ENGINE=InnoDB DEFAULT CHARSET=utf8mb4 COLLATE=utf8mb4_unicode_ci;

CREATE TABLE `order_items` (`id` int NOT NULL AUTO_INCREMENT, `order_id` int NOT NULL, `product_id` int DEFAULT NULL, `product_name` varchar(255) DEFAULT NULL, `quantity` int DEFAULT 1, `price` decimal(10,2) DEFAULT 0.00, `total` decimal(10,2) DEFAULT 0.00, `created_at` timestamp DEFAULT CURRENT_TIMESTAMP, PRIMARY KEY (`id`), KEY `order_id` (`order_id`), KEY `product_id` (`product_id`)) ENGINE=InnoDB DEFAULT CHARSET=utf8mb4 COLLATE=utf8mb4_unicode_ci;

CREATE TABLE `promo_codes` (`id` int NOT NULL AUTO_INCREMENT, `code` varchar(50) NOT NULL, `influencer_name` varchar(100) DEFAULT NULL, `influencer_email` varchar(255) DEFAULT NULL, `discount_type` varchar(20) DEFAULT 'percentage', `discount_value` decimal(10,2) DEFAULT 0.00, `min_order` decimal(10,2) DEFAULT 0.00, `min_order_amount` decimal(10,2) DEFAULT 0.00, `max_discount` decimal(10,2) DEFAULT 0.00, `max_uses` int DEFAULT NULL, `usage_limit` int DEFAULT 0, `used_count` int DEFAULT 0, `commission_type` varchar(20) DEFAULT 'percentage', `commission_value` decimal(10,2) DEFAULT 0.00, `expires_at` timestamp NULL DEFAULT NULL, `expiry_date` date DEFAULT NULL, `is_active` tinyint(1) DEFAULT 1, `notes` text DEFAULT NULL, `created_at` timestamp DEFAULT CURRENT_TIMESTAMP, PRIMARY KEY (`id`), UNIQUE KEY `code` (`code`)) ENGINE=InnoDB DEFAULT CHARSET=utf8mb4 COLLATE=utf8mb4_unicode_ci;

CREATE TABLE `promo_code_usage` (`id` int NOT NULL AUTO_INCREMENT, `promo_code_id` int NOT NULL, `order_id` int NOT NULL, `order_number` varchar(50) NOT NULL, `customer_name` varchar(255) DEFAULT NULL, `customer_phone` varchar(20) DEFAULT NULL, `order_total` decimal(10,2) DEFAULT 0.00, `discount_given` decimal(10,2) DEFAULT 0.00, `commission_earned` decimal(10,2) DEFAULT 0.00, `used_at` timestamp DEFAULT CURRENT_TIMESTAMP, PRIMARY KEY (`id`), KEY `promo_code_id` (`promo_code_id`), KEY `order_id` (`order_id`)) ENGINE=InnoDB DEFAULT CHARSET=utf8mb4 COLLATE=utf8mb4_unicode_ci;

CREATE TABLE `contact_inquiries` (`id` int NOT NULL AUTO_INCREMENT, `name` varchar(255) DEFAULT NULL, `email` varchar(255) DEFAULT NULL, `phone` varchar(20) DEFAULT NULL, `subject` varchar(255) DEFAULT NULL, `message` text DEFAULT NULL, `status` varchar(50) DEFAULT 'new', `handled_by` int DEFAULT NULL, `handled_at` timestamp NULL DEFAULT NULL, `created_at` timestamp DEFAULT CURRENT_TIMESTAMP, PRIMARY KEY (`id`)) ENGINE=InnoDB DEFAULT CHARSET=utf8mb4 COLLATE=utf8mb4_unicode_ci;

CREATE TABLE `video_popups` (`id` int NOT NULL AUTO_INCREMENT, `title` text, `video_url` varchar(255) DEFAULT NULL, `is_active` tinyint(1) DEFAULT 0, `created_at` timestamp DEFAULT CURRENT_TIMESTAMP, PRIMARY KEY (`id`)) ENGINE=InnoDB DEFAULT CHARSET=utf8mb4 COLLATE=utf8mb4_unicode_ci;

CREATE TABLE `pincodes` (`id` int NOT NULL AUTO_INCREMENT, `pincode` varchar(10) NOT NULL, `delivery_days` int DEFAULT 3, `is_serviceable` tinyint(1) DEFAULT 1, `created_at` timestamp DEFAULT CURRENT_TIMESTAMP, PRIMARY KEY (`id`), UNIQUE KEY `pincode` (`pincode`)) ENGINE=InnoDB DEFAULT CHARSET=utf8mb4 COLLATE=utf8mb4_unicode_ci;

CREATE TABLE `reward_coins` (`id` int NOT NULL AUTO_INCREMENT, `user_id` int NOT NULL, `balance` int DEFAULT 0, `updated_at` timestamp DEFAULT CURRENT_TIMESTAMP ON UPDATE CURRENT_TIMESTAMP, PRIMARY KEY (`id`), UNIQUE KEY `user_id` (`user_id`)) ENGINE=InnoDB DEFAULT CHARSET=utf8mb4 COLLATE=utf8mb4_unicode_ci;

CREATE TABLE `coin_transactions` (`id` int NOT NULL AUTO_INCREMENT, `user_id` int NOT NULL, `amount` int NOT NULL, `transaction_type` varchar(50) NOT NULL, `description` varchar(255) DEFAULT NULL, `created_at` timestamp DEFAULT CURRENT_TIMESTAMP, PRIMARY KEY (`id`), KEY `user_id` (`user_id`)) ENGINE=InnoDB DEFAULT CHARSET=utf8mb4 COLLATE=utf8mb4_unicode_ci;

INSERT INTO `categories` (`id`,`name`,`slug`,`description`,`icon_class`,`icon_upload`,`sort_order`,`is_active`,`show_on_mobile_top_slider`,`show_on_mobile_concern`,`show_on_desktop_concern`,`show_in_top_menu`) VALUES
(1,'Health & Nutrition','health-nutrition','Premium supplements and everyday nutrition support','fa-capsules','health-nutrition.svg',1,1,1,1,1,1),
(2,'Women''s Wellness & Care','womens-wellness-care','Essential health, beauty and wellness products designed for women''s lifestyle needs','fa-spa','women-wellness.svg',2,1,1,1,1,1),
(3,'Personal Care','personal-care','Skin, body and daily personal care essentials','fa-pump-soap','personal-care.svg',3,1,1,1,1,1);

INSERT INTO `products` (`id`,`category_id`,`name`,`slug`,`sku`,`price`,`mrp`,`offer_price`,`offer_label`,`short_description`,`long_description`,`benefits`,`usage_instructions`,`testing_info`,`image`,`stock_qty`,`stock_status`,`rating`,`reviews_count`,`is_featured`,`is_active`) VALUES
(1,3,'GLIMLACH Calamine Powder for Skin Care Effectively Heals Rashes, Soothes Skin 200g','glimlach-calamine-powder-skin-care','GLM-CAL-200',399.00,399.00,249.00,'37% OFF','A gentle skin care powder to soothe rashes, calm irritation and keep skin comfortable.','Calamine based daily skin comfort support for prickly heat, sweat irritation and minor rashes. Helps absorb excess moisture while leaving skin fresh and calm all day long. Ideal for summer heat rashes and sensitive skin.','Soothes rashes and irritation|Absorbs excess moisture|Helps heal minor skin rashes|Keeps skin fresh and comfortable|Gentle enough for daily use','Apply gently on the affected area using a soft cloth or cotton pad. Use as needed. Avoid contact with eyes. Store in a cool dry place.','Quality checked and lab tested GLIMLACH wellness product. Safe for external use as directed.','calamine-powder-200g.jpg',100,'in_stock',4.8,156,1,1),
(2,1,'GLIMLACH Calcium Magnesium Zinc with Vitamin D3 | 50 Tablets','glimlach-calcium-magnesium-zinc-vitamin-d3-50-tablets','GLM-CMZ-D3-50',339.00,339.00,199.00,'41% OFF','A daily mineral and Vitamin D3 supplement for bone, muscle and immune support.','A balanced calcium, magnesium, zinc and Vitamin D3 formula for men and women. Supports stronger bones, normal muscle function and everyday nutritional wellness. Each tablet delivers essential minerals in an easy-to-take format.','Bone strength support|Muscle function support|Immune system nutrition|Vitamin D3 for calcium absorption|Suitable for men and women','Take 1 tablet daily with water after a meal. Do not exceed the recommended daily dose. Store in a cool dry place away from sunlight.','Quality checked and lab tested GLIMLACH wellness product. Manufactured under GMP certified conditions.','calcium-magnesium-zinc-d3.jpg',100,'in_stock',4.8,203,1,1),
(3,2,'GLIMLACH Glutathione Tablets 400mg with Vitamin C & Natural Extracts | 50 Tablets','glimlach-glutathione-tablets-400mg-vitamin-c','GLM-GLUTA-50',799.00,799.00,449.00,'43% OFF','Antioxidant and skin brightening support with Glutathione, Vitamin C and natural extracts.','Premium antioxidant tablets formulated with Glutathione and Vitamin C to support skin radiance, detox support and overall wellness from within. Contains 400mg of Glutathione per tablet along with natural botanical extracts for enhanced absorption.','Antioxidant skin support|Skin radiance from within|Vitamin C enriched formula|Detox wellness support|For men and women','Take 1 tablet daily with water in the morning on an empty stomach or as directed. Best results with consistent daily use.','Quality checked and lab tested GLIMLACH wellness product. GMP manufactured.','glutathione-vitamin-c-50-tablets.jpg',100,'in_stock',4.8,312,1,1),
(4,1,'GLIMLACH L Arginine 1500mg Tablets | 120 Tablets','glimlach-l-arginine-1500mg-120-tablets','GLM-ARGININE-120',1999.00,1999.00,599.00,'70% OFF','Dietary supplement for active men and women, formulated with L-Arginine 1500mg.','L-Arginine is a popular amino acid supplement that supports active lifestyle, blood flow wellness and exercise nutrition. This 120 tablet pack provides great value for daily supplementation.','Active lifestyle support|Amino acid nutrition|Pre-workout wellness support|Blood flow nutrition|120 tablet value pack','Take 2 tablets daily 30 minutes before exercise with water. On rest days take 1 tablet in the morning. Store in a cool dry place.','Quality checked and lab tested GLIMLACH wellness product. GMP manufactured.','l-arginine-1500mg-120-tablets.jpg',100,'in_stock',4.8,189,1,1),
(5,1,'GLIMLACH L-Glutamine 500mg Tablets | 50 Tablets','glimlach-l-glutamine-500mg-50-tablets','GLM-GLUTAMINE-50',799.00,799.00,395.00,'50% OFF','Supports immunity, muscle function and recovery nutrition for everyday wellness.','L-Glutamine tablets are designed for people with active routines who want convenient amino acid nutrition and daily muscle support. L-Glutamine is the most abundant amino acid in the body and plays a key role in muscle recovery and immune function.','Muscle function support|Recovery nutrition after exercise|Immune system wellness|Essential amino acid nutrition|Easy tablet format','Take 1-2 tablets daily with water. Best taken post-workout or before bedtime. Store in a cool dry place.','Quality checked and lab tested GLIMLACH wellness product. GMP manufactured.','l-glutamine-500mg-50-tablets.jpg',100,'in_stock',4.8,145,1,1),
(6,1,'GLIMLACH L-Theanine 50 Capsules | Stress & Relaxation Support','glimlach-l-theanine-50-capsules','GLM-THEANINE-50',1999.00,1999.00,280.00,'85% OFF','Promotes calm focus, relaxation and daily stress support.','L-Theanine capsules are formulated to support natural relaxation, calm focus and everyday mental wellness. L-Theanine is a naturally occurring amino acid found in green tea that promotes a calm focused state of mind.','Calm focus support|Natural stress relief|Relaxation without drowsiness|Mental wellness support|50 capsule pack','Take 1 capsule daily with water preferably in the evening or before bed. Can be taken with or without food.','Quality checked and lab tested GLIMLACH wellness product. GMP manufactured.','l-theanine-50-capsules.jpg',100,'in_stock',4.8,267,1,1),
(7,2,'GLIMLACH Magnesium Oil for Feet, Sleep Support, Pain Relief & Muscle Recovery 100ml','glimlach-magnesium-oil-100ml','GLM-MAG-OIL-100',749.00,749.00,249.00,'66% OFF','Topical magnesium oil for feet, sleep support, muscle recovery and relaxation.','A convenient topical magnesium spray for daily relaxation routines. Ideal for foot application, post-workout care and soothing muscle massage. Transdermal magnesium is absorbed directly through the skin for fast-acting wellness support.','Sleep routine support|Muscle recovery massage|Soothing pain relief|Topical magnesium absorption|Relaxation and calm support','Apply 5-10 sprays to the soles of your feet or affected area. Massage gently until absorbed. Best used at night before sleep. Rinse after 20 minutes if skin feels tingly.','Quality checked and lab tested GLIMLACH wellness product. Dermatologist approved. External use only.','magnesium-oil-100ml.jpg',100,'in_stock',4.9,421,1,1),
(8,2,'GLIMLACH Marine Collagen Supplements Orange Flavour 200g','glimlach-marine-collagen-orange-flavour-200g','GLM-COLLAGEN-200',1099.00,1099.00,499.00,'54% OFF','Hydrolyzed marine collagen powder with amino acids for skin, hair, nails, bone and joint support.','Orange flavoured marine collagen supplement designed for beauty and wellness from within. Supports healthy skin, hair, nails, bones and joints. Our hydrolyzed collagen peptides are easily absorbed by the body for maximum benefit.','Skin hydration and glow support|Stronger hair and nails|Bone and joint wellness|Hydrolyzed peptides for easy absorption|Delicious orange flavour','Mix 1 scoop in 200ml water or juice. Stir well and drink daily. Best taken in the morning on an empty stomach. Can also be added to smoothies.','Quality checked and lab tested GLIMLACH wellness product. GMP manufactured.','marine-collagen-orange-200g.jpg',100,'in_stock',4.8,298,1,1),
(9,1,'GLIMLACH Multivitamins For Men with Zinc, Vitamin C, Vitamin D3, Multiminerals & Ginseng | 50 Tablets','glimlach-multivitamins-for-men-50-tablets','GLM-MVM-MEN-50',499.00,499.00,295.00,'40% OFF','Daily multivitamin support for men with key vitamins, minerals and ginseng extract.','A complete multivitamin and multimineral tablet for men to support energy, stamina, immunity and daily nutritional balance. Fortified with Korean Ginseng extract for additional vitality and endurance support.','Daily energy and stamina support|Immunity and wellness nutrition|Zinc for testosterone support|Vitamin D3 and C for immunity|Ginseng extract for vitality','Take 1 tablet daily with water after breakfast. Do not exceed recommended dose. Store in a cool dry place away from children.','Quality checked and lab tested GLIMLACH wellness product. GMP manufactured.','multivitamins-men-50-tablets.jpg',100,'in_stock',4.8,534,1,1),
(10,1,'GLIMLACH Multivitamins For Teenagers with Zinc, Vitamin C, Vitamin D3 & Multiminerals | 50 Tablets','glimlach-multivitamins-for-teenagers-50-tablets','GLM-MVT-TEEN-50',499.00,499.00,295.00,'40% OFF','Daily multivitamin tablets for teenagers to support energy, stamina and immunity.','A teenager-friendly multivitamin and multimineral supplement with Vitamin C, Vitamin D3 and zinc to support active growth years. Specially formulated to meet the nutritional needs of growing teenagers aged 13-19.','Teen energy and stamina support|Growing years nutritional support|Zinc Vitamin C and D3|Strong immunity for active teens|50 tablet pack','Take 1 tablet daily with water after a meal. Suitable for teenagers aged 13-19. Do not exceed recommended dose.','Quality checked and lab tested GLIMLACH wellness product. GMP manufactured.','multivitamins-teenagers-50-tablets.jpg',100,'in_stock',4.8,178,1,1);

INSERT INTO `hero_slides` (`id`,`badge`,`title`,`subtitle`,`price`,`discount`,`image`,`media_type`,`media_url`,`button_text`,`button_link`,`display_order`,`is_active`) VALUES
(1,'GLIMLACH','Wellness Starts with GLIMLACH','Relieve tension and stay energized daily.',249.00,'40% OFF','assets/images/banners/glimlach-hero-1.svg','image','assets/images/banners/glimlach-hero-1.svg','SHOP NOW','products.php',1,1),
(2,'Best Sellers','Daily Nutrition Made Simple','Vitamins, minerals and recovery support for every routine.',199.00,'41% OFF','assets/images/banners/glimlach-hero-2.svg','image','assets/images/banners/glimlach-hero-2.svg','VIEW PRODUCTS','products.php',2,1),
(3,'New Arrival','Skin & Wellness Care','Premium skincare and nutrition products for radiant health.',249.00,'43% OFF','assets/images/banners/glimlach-hero-3.svg','image','assets/images/banners/glimlach-hero-3.svg','SHOP NOW','products.php',3,1);

INSERT INTO `product_media` (`product_id`,`media_type`,`media_url`,`sort_order`) VALUES
(1,'image','calamine-powder-200g.jpg',1),(2,'image','calcium-magnesium-zinc-d3.jpg',1),(3,'image','glutathione-vitamin-c-50-tablets.jpg',1),(4,'image','l-arginine-1500mg-120-tablets.jpg',1),(5,'image','l-glutamine-500mg-50-tablets.jpg',1),(6,'image','l-theanine-50-capsules.jpg',1),(7,'image','magnesium-oil-100ml.jpg',1),(8,'image','marine-collagen-orange-200g.jpg',1),(9,'image','multivitamins-men-50-tablets.jpg',1),(10,'image','multivitamins-teenagers-50-tablets.jpg',1);

INSERT INTO `reviews` (`id`,`product_id`,`user_name`,`rating`,`review_text`) VALUES
(1,7,'Riya Sharma',5,'This magnesium oil is absolutely amazing! I apply it on my feet every night and sleep so much better. My muscle cramps have reduced a lot. Highly recommend!'),
(2,9,'Amit Kumar',5,'Great multivitamin for daily use. I have been taking it for 3 months and feel much more energetic. Good value for money from GLIMLACH.'),
(3,3,'Priya Singh',5,'The glutathione tablets have helped with my skin glow. I take one daily and see visible improvement in my complexion after just 4 weeks.'),
(4,2,'Sunita Devi',5,'Excellent calcium supplement. My doctor also approved it. Good quality and fast delivery. I can feel the difference in my bones after 2 months.'),
(5,8,'Kavita Mehta',5,'Marine collagen tastes great with the orange flavour! My hair has become stronger and skin looks better after 6 weeks of daily use.'),
(6,1,'Rohan Verma',4,'Calamine powder is very effective for summer rashes. Keeps skin dry and comfortable. Good product overall.'),
(7,6,'Neha Gupta',5,'L-Theanine capsules help me stay calm during stressful work days. I feel focused without feeling drowsy. Very satisfied.'),
(8,4,'Vikram Patel',5,'L-Arginine tablets are good for pre-workout. I noticed improved stamina after 3 weeks. Great product at this price.'),
(9,5,'Anjali Rao',5,'L-Glutamine supports my recovery really well after gym sessions. Quality product with good packaging.'),
(10,10,'Deepak Joshi',5,'My 16 year old son takes this teen multivitamin. He is more active and his stamina in sports has improved. Recommended!');

INSERT INTO `stories` (`id`,`name`,`story_text`,`rating`,`image_path`) VALUES
(1,'Neha','GLIMLACH products fit perfectly into my daily wellness routine. I use the magnesium oil every night and the multivitamins every morning. My energy levels have never been better!',5,'story-neha.png'),
(2,'Rohit','The nutrition range is easy to understand and affordable. GLIMLACH has the best quality at the best price in India. I recommend it to all my gym friends.',5,'story-rohit.png'),
(3,'Priya','I started using GLIMLACH Glutathione tablets 2 months ago and my skin looks radiant now. Totally worth every rupee!',5,'story-priya.png'),
(4,'Amit','Marine Collagen from GLIMLACH is fantastic. Orange taste is lovely and my joints feel so much better now.',5,'story-amit.png'),
(5,'Sunita','My whole family uses GLIMLACH supplements now. Calcium for me, multivitamins for my husband and teen pack for my kids. One brand for all!',5,'story-sunita.png');

INSERT INTO `settings` (`key`,`value`,`description`) VALUES
('site_name','GLIMLACH','Website Name'),
('global_offer_percent','10','Default offer display percent'),
('UPI_ID','9953835017@ybl','UPI Payment ID'),
('UPI_HOLDER_NAME','GLIMLACH','UPI Holder Name'),
('free_shipping_above','300','Free shipping threshold in rupees'),
('shipping_fee','50','Flat shipping fee in rupees'),
('currency','₹','Currency symbol'),
('tagline','Wellness Starts with GLIMLACH','Site tagline'),
('contact_phone','+91 8958489684','Contact phone number'),
('contact_email','support@glimlach.in','Contact email address'),
('instagram_url','https://instagram.com/glimlach','Instagram profile URL'),
('facebook_url','https://facebook.com/glimlach','Facebook page URL'),
('youtube_url','https://youtube.com/@glimlach','YouTube channel URL'),
('reward_redeem_rate','1','Reward coin redeem rate');

INSERT INTO `admins` (`id`,`username`,`password_hash`,`email`,`is_active`) VALUES
(1,'admin','$2y$10$9OTr.ZAigLAZ.vadVAzuCOGpjgwXIFIkETtygXfSF2t9lBAAOsOiO','admin@glimlach.in',1);

INSERT INTO `pincodes` (`pincode`,`delivery_days`,`is_serviceable`) VALUES
('151001',3,1),('110001',3,1),('400001',3,1),('110044',3,1);

COMMIT;
SET FOREIGN_KEY_CHECKS = 1;
